{
  "momentum_exhaustion": 0.04167528450489044,
  "is_first_expansion_candle": 0.03682071343064308,
  "inside_bar": 0.033156875520944595,
  "wick_body_ratio": 0.03215109556913376,
  "consolidation_breakout_window": 0.030702080577611923,
  "storm_day": 0.030402660369873047,
  "candle_type": 0.03015770949423313,
  "volume_ratio_10": 0.02892964705824852,
  "body": 0.02883509173989296,
  "support_test_count": 0.02848774380981922,
  "fakeout_up": 0.02826349250972271,
  "lower_wick": 0.028068430721759796,
  "fakeout_down": 0.027998514473438263,
  "relative_position_20": 0.027902619913220406,
  "body_std_6": 0.027845041826367378,
  "range": 0.02706674113869667,
  "bars_since_new_low": 0.026938434690237045,
  "body_range_ratio": 0.026932120323181152,
  "bars_since_new_high": 0.026896432042121887,
  "expansion_energy": 0.026753779500722885,
  "time_to_reversal": 0.026665454730391502,
  "upper_wick": 0.02640380896627903,
  "wick_pressure": 0.025803275406360626,
  "humidity_day": 0.0255319494754076,
  "breakout_insecurity": 0.024922246113419533,
  "direction": 0.024843992665410042,
  "day_of_week": 0.02471054159104824,
  "directional_consistency": 0.024646097794175148,
  "tight_cluster_zone": 0.024638472124934196,
  "gap_up": 0.024576537311077118,
  "liquidity_sweep_down": 0.02405722066760063,
  "start_of_month": 0.023913394659757614,
  "gap_down": 0.02327503077685833,
  "liquidity_sweep_up": 0.022362269461154938,
  "end_of_month": 0.020957037806510925,
  "volatility_expansion": 0.018717408180236816,
  "engulfing": 0.017990820109844208,
  "volume_anomaly": 0.0,
  "volatility_squeeze": 0.0,
  "hammer": 0.0,
  "shooting_star": 0.0,
  "doji": 0.0
}