total_events,reversion_rate,avg_candles_to_reversion,avg_adverse_move,avg_favorable_move
42341,94.17821969249664,5.710076236332631,0.0011893957585983057,0.0013878719575433495
