total_events,reversion_rate,avg_candles_to_reversion,avg_adverse_move,avg_favorable_move
4067,94.76272436685518,6.833419823559938,0.0005004486651092996,0.0017251662198050572
